Delivery To Name:,Exported?,Sales Order:,Bin:,Part Number:,Part Description:,Picked By:,Site Qty @ Pick Time,Bin Qty @ Pick Time,Ordered:,Picked:,Time:
Meraki,81784,1204427,9.01.3.30,11490380,NAPKIN - (EC-NL0116) BROWN 2 PLY LUNCH FOLD 2000/CTN,justin,0,0,1,0,10/12/2023 19:19
Grand View Hotel - KITCHEN,81782,1203690,4.17.2.70,11020201,(67925) COOKING WINE CHINESE (SHAO XING)640MLS (12),justin,11,11,6,0,10/12/2023 19:44
Grand View Hotel - KITCHEN,81786,1204453,4.17.2.70,11020201,(67925) COOKING WINE CHINESE (SHAO XING)640MLS (12),justin,11,11,4,0,10/12/2023 19:44
Kerrisdale Garden,81747,1204431,1.02.2.20,11100024,PRUNES - PITTED A10 (SANDHURST) (3),steve,9,9,6,1,10/12/2023 20:13
MOMO SUSHI,81785,1204430,4.17.1.80,11550016,(405530) RICE - BLACK STICKY RICE 1KG,justin,0,0,3,1,10/12/2023 20:18
Souths Leagues Club,81761,1204481,A.03.3.40,11050213,(2720) JUICE - DAILY ORANGE 2LTS (6),steve,0,0,24,17,10/12/2023 21:19
Mantra Mackay,81746,1204426,2.01.2.30,11050348,JUICE - (2897) TOMATO JUST JUICE 12X1LTR/CTN,justin,0,0,1,0,10/12/2023 22:10
Ocean International Hotel,81759,1204470,A.02.1.10,11440117,CREAM - THICKENED 5LTS (3),davidm,36,36,1,0,10/12/2023 22:41
FREEDOM SHORES,81751,1204455,A.02.1.10,11440117,CREAM - THICKENED 5LTS (3),tim,36,36,3,0,10/12/2023 22:49
Harrup Park Kitchen,81745,1204425,5.13.1.20,11430601,PORK - BELLY SKIN ON BONELESS (R/W),gregory,93.848,93.848,10,9.447,10/12/2023 22:54
Harrup Park Kitchen,81745,1204425,8.16.3.10,11570317,PRAWN - CUTLET COOKED & PEELED TAIL ON 26/30 700G (10),gregory,64,53,6,0,10/12/2023 23:21
Rydges Mackay Suites (950),81744,1203166,DOI,11370142,COFFEE- CLEANER TABLETS (573),steve,0,0,1,0,10/12/2023 23:21
The Pub,81837,1204503,A.02.1.10,11440117,CREAM - THICKENED 5LTS (3),tim,36,36,1,0,10/12/2023 23:32
Lazy Joes,81824,1204465,1.04.1.40,11100155,TOMATO PASTE A10 (6),gregory,0,0,1,0,10/12/2023 23:37
Paradiso,81749,1204443,4.14.1.70,11120327,SAUCE - BBQ SWEET BABY RAY HICKORY 946ML (12),tim,0,0,12,0,11/12/2023 0:46
Paradiso,81749,1204443,C.01.2.20,11120922,CHORIZO - RODRIGUEZ BROS R/W,tim,31.454,3.864,4,3.97,11/12/2023 0:49
Paradiso,81750,1204447,10.03.1.10,11490845,CONTAINER - FREEZER RECTANGLE 1000ML SL/50 (10) (CR1000F),tim,0,0,20,0,11/12/2023 1:08
Avenue Cafe,81760,1204475,3.13.1.05,11300025,MANGO - DRIED SPEARS IMP 1KG (10),steve,0,0,1,0,11/12/2023 1:14
Lazy Joes,81824,1204465,D.01.2.45,11490399,SYRUP - SU GLUCOSE 1KG,gregory,0,0,1,0,11/12/2023 1:49
Cruise Whitsundays Catering,81832,1202890,5.08.2.80,11130148,CHICKEN - FRESH CHARGRILLED THIGH (3KG PKT APPROX) R/W,spiro,470.743,470.743,108,107.11,11/12/2023 1:57
Gelatiamo Port of Airlie,81826,1204522,A.02.1.10,11440117,CREAM - THICKENED 5LTS (3),gregory,36,36,3,0,11/12/2023 2:30
KC's Bar & Grill,81823,1204460,A.02.1.10,11440117,CREAM - THICKENED 5LTS (3),gregory,36,36,2,0,11/12/2023 2:31
Eastwoods,81822,1203872,C.01.3.20,11490561,OI**PASTE - BLACK SESAME 1 KG,gregory,0,0,1,0,11/12/2023 2:32
Sorrentos,81838,1204524,1.04.1.40,11100155,TOMATO PASTE A10 (6),spiro,0,0,1,0,11/12/2023 2:35
Proserpine on Wheels,81788,1204407,2.13.3.90,11360009,ESSENCE - VANILLA IMITATION 500MLS (12),levi,0,0,2,1,11/12/2023 2:35
Murroona Gardens,81780,1202889,A.02.1.10,11440117,CREAM - THICKENED 5LTS (3),samt,36,36,2,0,11/12/2023 2:52
Cruise Whitsundays,81840,1204486,2.16.3.40,11340141,(6373) ICY POLE - ZOOPER DOOPER 6X24/CTN,davidm,3,3,4,3,11/12/2023 2:55
Rydges Mackay Suites (950),81748,1204444,D.01.3.20,11020196,TOFU - SILKEN HONKAKU KINUGOSHI 300G (12),samt,66,66,1,0,11/12/2023 2:56
Mantra Mackay,81746,1204426,A.02.1.10,11440117,CREAM - THICKENED 5LTS (3),samt,36,36,3,0,11/12/2023 2:57
Avenue Cafe,81760,1204475,A.02.1.10,11440117,CREAM - THICKENED 5LTS (3),samt,36,36,1,0,11/12/2023 2:58
Dolphin Heads Resort,81762,1204506,A.02.1.10,11440117,CREAM - THICKENED 5LTS (3),samt,36,36,2,0,11/12/2023 2:58
Boaty's,81825,1204502,5.12.1.20,11430628,PORK - RIBS PRE COOKED R/W,gregory,514.8,227.51,3,2.972,11/12/2023 3:04
3 Little Birds,81831,1204515,9.03.4.35,11490331,(C-FLLGE) LID - FLAT SMOOTHIE TS 15 OZ UP SL/100 (10),gregory,6,6,1,0,11/12/2023 3:30
Cruise Whitsundays Terminal,81841,1204510,A.02.2.30,11440107,CREAM - (4112) SOUR LIGHT 250MLS (12),davidm,0,0,4,0,11/12/2023 3:38
Cruise Whitsundays Terminal,81841,1204510,8.02.1.10,11130002,CHICKEN - BREAST COOKED&DICED 1KG (6)(STEGGLES),davidm,-1,-1,6,1,11/12/2023 3:49
Hamilton Island Airport Lounge,81821,1204235,A.01.1.30,11440324,MILK - CLASSIC ICED COFFEE 500ML (5567),tim,14,14,10,2,11/12/2023 4:31
Mantaray Cafe,81815,1204208,5.04.1.10,11440012,BUTTER - UNSALTED 1.5KG (8),tim,6,6,6,1,11/12/2023 4:47
Gelatiamo Port of Airlie,81826,1204522,8.32.1.60,11280014,OI**BOIRON PUREE COCONUT 1KG,gregory,0,0,1,0,11/12/2023 4:51
Coral Sea Marina Kitchen,81827,1204533,DOI,11570598,OI**SEASONING - (40210) FURIKAKE NORI TAMAGO 500GMS (20),tim,0,0,1,0,11/12/2023 5:06
Coral Sea Marina Kitchen,81827,1204533,4.17.2.60,11020228,(670014) SAUCE - FISH (SQUID) 725ML (12),tim,0,0,2,0,11/12/2023 5:12
Coral Sea Marina Kitchen,81827,1204533,A.02.1.10,11440117,CREAM - THICKENED 5LTS (3),tim,36,36,2,0,11/12/2023 5:22
Explore Hamilton Island,81844,1204428,2.13.3.60,11100315,CONDENSED MILK 395GM (12),kane,0,0,12,0,11/12/2023 7:19
Explore Hamilton Island,81844,1204428,A.02.1.10,11440117,CREAM - THICKENED 5LTS (3),kane,0,0,2,0,11/12/2023 7:30
Explore Hamilton Island,81844,1204428,5.04.1.10,11440012,BUTTER - UNSALTED 1.5KG (8),kane,6,6,2,0,11/12/2023 7:33
Gelatiamo Port of Airlie,81856,1204541,A.02.1.10,11440117,CREAM - THICKENED 5LTS (3),damir,0,0,3,0,11/12/2023 8:40
The Red Plate,81855,1204523,FOI,11570579,OI**TEP YASAI KAKIAGE 100G 10/6PC (10),Troy,0,0,10,0,11/12/2023 8:47
Holiday In The Whitsundays,81859,1204388,1.14.2.50,11120332,MILK - DD FULL CREAM UHT 32X150ML CTN,damir,0,0,3,0,11/12/2023 9:16
Marjorie Swinstead,81858,1204383,4.08.3.50,11160642,OI**TEA - LMDT DARJEELING ENVEL 100'S (5286),damir,0,0,2,0,11/12/2023 9:19
Le Kiosk Cafe,81857,1204572,8.16.3.10,11570317,PRAWN - CUTLET COOKED & PEELED TAIL ON 26/30 700G (10),damir,53,52,1,0,11/12/2023 9:31
Hayman Island (General & Dangerous,81974,1204277,4.17.2.60,11020228,(670014) SAUCE - FISH (SQUID) 725ML (12),Troy,0,0,8,0,11/12/2023 10:11
Hamilton Island Icecream Parlour,82024,1204577,7.07.1.30,11340082,ICE CREAM - SUCCULENT STRAWBERRY 5LT,Troy,0,0,7,0,11/12/2023 12:13
Hayman Island (General & Dangerous,81981,1204358,COI,11430425,OI*LAMB - RACK SOVERIGN (R/W),damir,0,0,10,0,11/12/2023 14:57
Hayman Island (General & Dangerous,81974,1204277,D.01.3.20,11020196,TOFU - SILKEN HONKAKU KINUGOSHI 300G (12),damir,6,6,6,0,11/12/2023 14:59
Hayman Island (General & Dangerous,81977,1204349,COI,11590133,OI**CHEESE - TINTENBAR TRIPLE CREAM BRIE 800G R/W,damir,-0.004,-0.004,2,0,11/12/2023 15:02
Hayman Island (General & Dangerous,81975,1204281,FOI,11490771,OI**BREAD - BRIDOR VEGAN RASPBERRY CROISSANT 44X90G CTN,Troy,0,0,1,0,11/12/2023 15:05
Hayman Island (General & Dangerous,81975,1204281,A.02.1.10,11440117,CREAM - THICKENED 5LTS (3),damir,0,0,5,0,11/12/2023 15:05
Hayman Island (General & Dangerous,81975,1204281,D.01.3.20,11020196,TOFU - SILKEN HONKAKU KINUGOSHI 300G (12),Troy,66,66,10,0,11/12/2023 15:05
Hayman Island (General & Dangerous,81987,1204630,1.13.2.10,11050311,CORDIAL - FRUIT CUP 6X2LTS/CTN,Troy,0,0,1,0,11/12/2023 15:38
Hayman Island (General & Dangerous,81987,1204630,1.13.2.20,11050372,CORDIAL - APPLE RASPBERRY 6X2LTS/CTN,Troy,0,0,1,0,11/12/2023 15:38
Dingo Beach Hotel,81926,1204474,10.06.2.60,11490394,(C-PP0555) LID T/S 70 -100ML-SL/100 (10),justin,0,0,3,2,11/12/2023 19:29
OPAL RIDGE MOTEL,81958,1204680,1.06.2.35,11050193,+++SOFTDRINK - COKE 12X1.25LTR/CTN,steve,0,0,4,0,11/12/2023 20:43
COLLINSVILLE WORKERS CLUB,81956,1204450,9.08.1.40,11160292,CLAM - BETABOARD DINNER SL/50 (4) (APBBDB2),steve,172,-10,3,0,11/12/2023 21:46
FUSHION 128,81953,1204687,3.12.2.80,11590063,SESAME - SEEDS BLACK 1KG (6),gregory,0,0,1,0,11/12/2023 22:22
Farview Tavern,81949,1204594,8.16.3.10,11570317,PRAWN - CUTLET COOKED & PEELED TAIL ON 26/30 700G (10),davidm,0,0,1,0,11/12/2023 22:33
Ibis Mackay,81950,1204627,S.0.0.1,11490832,NAPKIN - (C-ND0160) QTR FOLD 2 PLY WHITE DINNER 1000/CTN,levi,0,0,3,0,11/12/2023 23:03
Plattered Up Catering,81952,1204675,7.16.2.50,11490724,DONUT - MINI CHOC/HAZELNUT 25GX70 CTN,gregory,16,16,1,0,11/12/2023 23:06
FUSHION 128,81953,1204687,8.23.2.20,11430419,LAMB - SHANKS HIND QTR (R/W),gregory,0,0,10,0,11/12/2023 23:07
Mackay Entertainment Centre,81951,1204628,7.15.2.80,11496128,BREAD - MIXED LENOTRE ROLLS 140X45G/CTN,gregory,0,0,5,4,11/12/2023 23:47
COLLINSVILLE TOP SHOP,81955,1204617,9.02.1.40,11490015,(C-TT4171) TOILET PAPER 2PLY JUMBO 300M,justin,0,0,1,0,12/12/2023 0:07
Proserpine Nursing Home,81961,1204635,2.01.2.80,11100030,APRICOT NECTAR 1L (12),levi,0,0,12,5,12/12/2023 0:29
Out n About Servo,81957,1204536,9.01.2.50,11490384,(100363) PAPER BAG -4 LONG FLAT 270X240 500/PKT,justin,0,0,2,1,12/12/2023 0:56
Proserpine Nursing Home,81961,1204635,DOI,11040273,OI**CHEESECAKE MIX 10KG,levi,0,0,1,0,12/12/2023 1:08
Proserpine Nursing Home,81961,1204635,4.02.3.60,11560202,FRENCH VINAIGRETTE P/C 100X13GMS/CTN,levi,0,0,1,0,12/12/2023 1:10
Proserpine Nursing Home,81961,1204635,4.11.3.30,11160215,(785) VITTORIA - EQUAL SACHETS 750/CTN,levi,0,0,2,1,12/12/2023 1:13
Fish D Restaurant,81962,1204676,C.01.2.75,11040434,OI**CREAM - MVD DOUBLE CREAM 2LTR,gregory,0,0,1,0,12/12/2023 1:26
Garuma,81963,1204689,COI,11430100,OI**CHICKEN - BREAST FRESH ORDER-IN R/W,gregory,5,5,5,0,12/12/2023 1:26
Fish D Restaurant,81962,1204676,4.17.2.70,11020201,(67925) COOKING WINE CHINESE (SHAO XING)640MLS (12),gregory,11,11,12,0,12/12/2023 1:44
Proserpine Nursing Home,81961,1204635,8.02.1.10,11130002,CHICKEN - BREAST COOKED&DICED 1KG (6)(STEGGLES),levi,-1,-1,12,0,12/12/2023 1:48
Proserpine Nursing Home,81961,1204635,8.24.3.10,11610015,BBQ PORK RIBLET 32X100G/CTN,levi,0,0,3,2,12/12/2023 1:53
Treehouse,81964,1204670,10.02.1.10,11490843,LID - RECTANGLE SL/50 (10) (CRLID),gregory,225,225,5,1,12/12/2023 1:58
La Tabella,81997,1204684,10.09.3.70,11490513,"PIPING BAGS - BLUE 18"" 72/CTN",davidm,0,0,1,0,12/12/2023 2:53
COLLINSVILLE TOP SHOP,81955,1204617,A.01.1.20,11440313,MILK - DARE DBL ESPRESSO 750MLS (3889),davidm,14,14,10,0,12/12/2023 3:02
COLLINSVILLE TOP SHOP,81955,1204617,A.01.1.20,11440314,MILK - DARE ESPRESSO 500MLS (3892),davidm,15,15,20,16,12/12/2023 3:02
Taste Whitsundays,81959,1203933,3.13.1.05,11300025,MANGO - DRIED SPEARS IMP 1KG (10),levi,0,0,5,0,12/12/2023 3:34
Taste Whitsundays,81960,1204482,DOI,11320025,OI**ENERGY TRAIL MIX BULK 5KG,levi,0,0,1,0,12/12/2023 3:35
Hamilton Island Warehouse,82040,1204055,8.37.4.80,11070349,BREAD - ROTI PARATHA 6X20PK/CTN,kane,2,-10,30,0,12/12/2023 7:41
La Marina,82019,1204705,10.03.1.10,11490845,CONTAINER - FREEZER RECTANGLE 1000ML SL/50 (10) (CR1000F),Troy,0,0,10,0,12/12/2023 8:32
Wisdom Cafe (COD),82022,1204724,1.15.2.10,11440961,(7861) MILK - LACTOSE FREE UHT 1L (12),damir,-2,-2,6,5,12/12/2023 10:33
Daydream Island Resort,82149,1204560,C.01.1.100,11010130,OI**SALAMI - BLACK TRUFFLE & SQUID INK 1.5KG APPROX R/W,Troy,0,0,6,0,12/12/2023 10:39
Daydream Island Resort,82150,1204608,3.08.2.40,11180005,CHIPS - CHICKEN 18X45GM/CTN,damir,0,0,2,0,12/12/2023 11:24
Daydream Island Resort,82149,1204560,C.01.1.110,11590238,OI**SALAMI - CACCIATORE ITALIANO 1KG APPROX R/W,Troy,3.838,3.838,10,0,12/12/2023 11:32
Daydream Island Resort,82149,1204560,4.17.2.60,11020228,(670014) SAUCE - FISH (SQUID) 725ML (12),damir,0,0,5,0,12/12/2023 12:19
Daydream Island Resort,82149,1204560,4.17.3.20,11010109,KOREAN HOT PEPPER PASTE GOCHUJANG 1KG,damir,0,0,5,2,12/12/2023 12:22
Daydream Island Resort,82149,1204560,D.01.3.20,11020196,TOFU - SILKEN HONKAKU KINUGOSHI 300G (12),damir,0,0,24,0,12/12/2023 12:23
Daydream Island Resort,82147,1204417,DOI,11120661,OI**PEARLS-YUZU 200G,Troy,0,0,3,0,12/12/2023 12:40
Daydream Island Resort,82149,1204560,7.07.1.30,11340082,ICE CREAM - SUCCULENT STRAWBERRY 5LT,kane,0,0,12,0,12/12/2023 12:45
Daydream Island Resort,82145,1204394,8.31.2.70,11390026,OI**SORBET- LEMON LIME 5L,damir,0,0,5,0,12/12/2023 12:59
Daydream Island Resort,82149,1204560,8.12.3.75,11650750,SAUSAGE ROLLS - MRS MACS - MM MEGA 12X280G/CTN,damir,0,0,8,3,12/12/2023 13:00
Daydream Island Resort,82149,1204560,DEFAULT,11070062,BREAD - MILK BUN SLIDER 100X45G,damir,0,0,1,0,12/12/2023 13:21
Hamilton Is. Qualia,82316,1204667,3.20.2.40,11150064,28MM DISC LID FOR SPRAY BOTTLE,mick,0,0,20,0,12/12/2023 14:30
Hamilton Is. Qualia,82316,1204667,D.01.1.40,11150065,ECO - 225MM TRIGGER SPRAY FOR 750ML BOTTLES (BLACK),mick,0,0,30,23,12/12/2023 14:32
Harrup Park Kitchen,82088,1204015,DOI,11040077,OI**SPRINKLES - CAKETOPS RAINBOW 1.5KG,justin,0,0,1,0,12/12/2023 19:36
Euro Fusion Cafe,82090,1204616,5.14.3.30,11121104,CHEESE - F/SERVICE BRIE (R/W),steve,109.104,93.309,2,1.031,12/12/2023 21:36
Lips Kitchen (COD),82089,1204534,8.11.1.40,11430423,LAMB - LEG BONED & ROLLED (R/W),steve,206.1,206.1,3,2.752,12/12/2023 22:29
Casu Jacks,82087,1204702,9.06.2.60,11490459,(CA-GP-HALF) GREASEPROOF 330X400MM (800),gregory,0,0,1,0,12/12/2023 22:31
Whitsunday Sailing Club,82128,1204728,8.16.1.45,11570516,PRAWN - CUTLET 26/30 COOKED 1KG (10),justin,0,0,3,0,12/12/2023 23:09
The Dispensary,82108,1204781,2.12.3.70,11170213,TABASCO CHIPOTLE 1.89L (2),gregory,0,0,1,0,12/12/2023 23:22
Eastwoods,82127,1204809,D.01.2.15,11490839,FISH SAUCE MEGA CHEF 4.5L (3),steve,0,0,3,2,12/12/2023 23:23
Eastwoods,82127,1204809,8.23.2.50,11430621,PORK - SPARE RIBS (R/W),steve,187.34,24.41,20,18.85,12/12/2023 23:47
Proserpine Golf Club,82138,1204777,DOI,11040437,OI**INSTANT CONTINENTAL CUSTARD MIX 12.5KG,davidm,0,0,1,0,12/12/2023 23:51
Prossy Kebabs,82137,1204753,DOI,11190039,OI**TURKISH DELIGHT 4KG,davidm,0,0,1,0,12/12/2023 23:52
Mika,82126,1204806,5.15.3.20,11120306,CHEESE - FRESCO HALOUMI (APPROX 900G) R/W,steve,139.156,53.081,3,2.98,12/12/2023 23:58
Ocean International Hotel,82091,1204805,8.34.3.10,11110197,DUMPLING CHICK GARLIC(30290) 50x28/CTN,justin,0,0,4,0,13/12/2023 0:11
Ocean International Hotel,82091,1204805,FOI,11110130,OI**STEAM BUN - 10066 BBQ PORK 50X28G/CTN,justin,0,0,1,0,13/12/2023 0:13
Coral Sea Marina Kitchen,82125,1204794,D.01.2.15,11490839,FISH SAUCE MEGA CHEF 4.5L (3),gregory,0,0,1,0,13/12/2023 0:23
Marino's,82135,1202903,A.01.1.50,11440104,(4463) OI**CREAM - PURE 2LTS,davidm,0,0,8,1,13/12/2023 0:25
Coral Sea Marina Kitchen,82125,1204794,4.17.2.60,11020228,(670014) SAUCE - FISH (SQUID) 725ML (12),gregory,0,0,2,0,13/12/2023 0:29
The Pub,82124,1204788,4.03.2.10,11560409,MINT JELLY 3KG (6),justin,0,0,1,0,13/12/2023 0:32
Anchor Bar,82130,1204488,3.15.2.20,11300007,FRUIT SALAD DRIED 1KG (10),gregory,0,0,1,0,13/12/2023 1:26
Fish D Restaurant,82132,1204785,4.16.3.75,11020172,(402248) TAMARIND CONCENTRATE 1KG,gregory,0,0,4,3,13/12/2023 1:36
Anchor Bar,82130,1204488,5.08.2.80,11430443,OI**PORK - BELLY SKINLESS / BONELESS R/W,gregory,0,0,10,0,13/12/2023 1:47
Bowen Convenience Store,82121,1204726,A.01.1.20,11440313,MILK - DARE DBL ESPRESSO 750MLS (3889),steve,0,-2,24,23,13/12/2023 1:54
The Hangar Cafe & Bar,82133,1204787,9.06.2.60,11490459,(CA-GP-HALF) GREASEPROOF 330X400MM (800),gregory,0,0,2,0,13/12/2023 2:36
Daydream Island Resort,82149,1204560,5.04.1.10,11440012,BUTTER - UNSALTED 1.5KG (8),steve,6,6,16,0,13/12/2023 2:44
Daydream Island Resort,82149,1204560,5.15.2.35,11580080,ROAST BEEF SLICED 1KG (10),steve,11,8,12,8,13/12/2023 2:46
Daydream Island Resort,82149,1204560,8.37.4.80,11070349,BREAD - ROTI PARATHA 6X20PK/CTN,steve,0,-12,4,2,13/12/2023 2:52
Gelatiamo Port of Airlie,82131,1204538,8.32.1.60,11280014,OI**BOIRON PUREE COCONUT 1KG,gregory,0,0,1,0,13/12/2023 2:58
Fish D Restaurant,82129,1204009,FOI,11070630,"OI**TORTILLAS - MARYDIAS FLOUR 6"" 12X20/CTN",gregory,0,0,1,0,13/12/2023 2:59
Taste Whitsundays,82158,1204008,DOI,11300029,OI**PINEAPPLE - DRIED 5KG,chelsea,0,0,1,0,13/12/2023 7:27
Cruise Whitsundays Terminal,82174,1204770,5.04.2.50,11220001,EGGS - 1 DOZEN,damir,0,0,10,7,13/12/2023 8:25
Cruise Whitsundays Terminal,82174,1204770,8.02.1.10,11130002,CHICKEN - BREAST COOKED&DICED 1KG (6)(STEGGLES),damir,0,0,6,0,13/12/2023 8:32
Pool Terraces,82298,1204641,2.08.3.40,11370059,JAM - G/F ORANGE MARMALADE PC 120X14GMS/CTN,mick,0,0,3,0,13/12/2023 9:22
Daydream Island Resort,82178,1204834,3.08.2.40,11180005,CHIPS - CHICKEN 18X45GM/CTN,damir,0,0,2,0,13/12/2023 9:40
SAILS,82297,1204638,2.08.3.40,11370059,JAM - G/F ORANGE MARMALADE PC 120X14GMS/CTN,mick,0,0,1,0,13/12/2023 9:42
Pool Terraces,82298,1204641,4.17.3.20,11010109,KOREAN HOT PEPPER PASTE GOCHUJANG 1KG,mick,0,0,1,0,13/12/2023 9:50
SAILS,82297,1204638,4.18.4.20,11320309,CINNAMON GROUND 600GMS (6),mick,0,0,2,0,13/12/2023 9:54
Romano's,82314,1204662,7.04.2.35,11390020,GELATO - ARTISAN STRAWBERRY 5LT,mick,0,0,2,0,13/12/2023 10:30
Conventions Hamilton Island,82304,1204654,4.17.2.70,11020201,(67925) COOKING WINE CHINESE (SHAO XING)640MLS (12),mick,0,0,24,0,13/12/2023 11:14
Hayman Island (General & Dangerous,82594,1204754,2.15.4.10,11050166,GATORADE - G ACTIVE ORANGE 12 X 600ML/CTN,kane,0,0,1,0,13/12/2023 11:48
Hayman Island (General & Dangerous,82591,1204716,9.06.2.40,11370145,CLEANER - ESPRESSO MACHINE AURORA POWDER 1KG (571),kane,0,0,4,3,13/12/2023 12:16
Hamilton Island Icecream Parlour,82325,1204843,7.07.1.30,11340082,ICE CREAM - SUCCULENT STRAWBERRY 5LT,mick,0,0,9,0,13/12/2023 13:28
Hamilton Island Icecream Parlour,82325,1204843,7.08.1.10,11340008,ICE CREAM - BOYSENBERRY SWIRL 5LT,mick,2,2,5,2,13/12/2023 13:48
BEACH CLUB BAR & LOUNGE,82303,1204649,2.13.3.60,11100315,CONDENSED MILK 395GM (12),damir,0,0,4,0,13/12/2023 14:36
Rainforest Cafe,82307,1204659,4.04.2.60,11560002,SAUCE - G/F TERIYAKI 2KG (6),damir,0,0,6,0,13/12/2023 14:37
Hamilton Is. Bakery,82311,1204652,4.08.2.70,11040035,KULAROME - CHOCOLATE 1LTR,mick,0,0,2,0,13/12/2023 14:38
Hayman Island (General & Dangerous,82585,1204710,3.15.2.20,11300007,FRUIT SALAD DRIED 1KG (10),Troy,0,0,1,0,13/12/2023 15:10
Hayman Island (General & Dangerous,82588,1204713,4.18.3.20,11320319,GINGER GROUND 1KG (6),Troy,0,0,1,0,13/12/2023 15:39
Pit Pony Tavern,82247,1204857,8.11.1.10,11430610,PORK - KING CUTLET BARKERS CREEK (R/W),mick,153.185,153.185,4.8,4.78,13/12/2023 20:26
COLLINSVILLE WORKERS CLUB,82249,1204890,S.0.0.1,11490362,OI**REGISTER ROLLS - THERMAL 30/CTN,mick,1,1,1,0,13/12/2023 20:49
Nugents,82250,1204917,A.01.1.30,11440324,MILK - CLASSIC ICED COFFEE 500ML (5567),mick,17,17,4,0,13/12/2023 21:35
Collinsville Bakehouse,82248,1204854,5.15.2.35,11580080,ROAST BEEF SLICED 1KG (10),mick,11,3,2,0,13/12/2023 21:39
Harrup Park Kitchen,82258,1204828,DOI,11040077,OI**SPRINKLES - CAKETOPS RAINBOW 1.5KG,levi,0,0,1,0,13/12/2023 22:18
Harrup Park Kitchen,82262,1204915,8.02.2.30,11130023,CHICKEN - KIEV GARLIC BALL 1KG (6) (BAIADA),levi,0,0,8,5,13/12/2023 22:40
Ocean International Hotel,82257,1203930,FOI,11480106,OI**CHEESE - BURRATINA TRUFFLE 5X50G TRAY,mick,10,0,10,0,13/12/2023 22:50
Elysian Retreat,82330,1204907,C.01.2.10,11590140,OI**CHEESE - CHARLESTON JERSEY BRIE 750G R/W,justin,-0.002,-0.002,1,0,13/12/2023 23:57
Elysian Retreat,82330,1204907,5.13.3.40,11370137,QUINCE PASTE - M/BEER 100GM,justin,0,0,1,0,13/12/2023 23:59
Explore Day Boats,82341,1204925,10.01.2.10,11490789,LID - (MPM) (CA-FRZLID) RECT. FREEZER GRADE LID 50/SLV (10),steve,103,83,1,0,13/12/2023 23:59
Cruise Whitsundays Catering,82279,1204936,3.15.2.80,11650832,GRANOLA - CRANBERRY & APPLE 5KG/CTN,steve,0,0,4,0,14/12/2023 0:22
Cruise Whitsundays Catering,82278,1204861,A.03.3.10,11650502,YOGHURT - NATURAL 1KG (6),steve,107,-25,36,30,14/12/2023 0:27
Paradiso,82284,1204932,4.16.3.75,11020172,(402248) TAMARIND CONCENTRATE 1KG,gregory,0,0,1,0,14/12/2023 0:57
The Belvedere at Toscana,82282,1204509,4.17.2.60,11020228,(670014) SAUCE - FISH (SQUID) 725ML (12),mick,0,0,1,0,14/12/2023 0:59
Eastwoods,82285,1204941,4.17.2.70,11020201,(67925) COOKING WINE CHINESE (SHAO XING)640MLS (12),gregory,0,0,12,0,14/12/2023 0:59
Fish D Restaurant,82283,1204909,A.03.3.10,11650502,YOGHURT - NATURAL 1KG (6),mick,102,-30,12,5,14/12/2023 1:13
The Belvedere at Toscana,82282,1204509,5.04.1.10,11440012,BUTTER - UNSALTED 1.5KG (8),mick,6,6,1,0,14/12/2023 1:25
FREEDOM SHORES,82286,1204913,5.11.2.90,11120812,CHEESE - PARMESAN GRATED 2KG (6),mick,16,16,2,0,14/12/2023 1:28
Sorrentos,82339,1204933,5.04.1.10,11440012,BUTTER - UNSALTED 1.5KG (8),davidm,6,6,8,0,14/12/2023 2:45
Eastwoods,82285,1204941,8.25.2.60,11430902,DUCK - BREAST (R/W),mick,184.69,36.818,20,19.38,14/12/2023 3:24
Eastwoods,82281,1204149,8.32.1.60,11280014,OI**BOIRON PUREE COCONUT 1KG,mick,0,0,1,0,14/12/2023 3:34
Fish D'Vine Catering,82337,1204852,5.01.2.60,11580082,CHORIZO PACK 2.5KG R/W (2),gregory,233.177,54.897,2.5,2.434,14/12/2023 4:09
Lumos Cafe & Restaurant,82359,1204952,5.04.1.10,11440012,BUTTER - UNSALTED 1.5KG (8),damir,6,6,5,0,14/12/2023 8:59
La Marina,82384,1205024,5.14.2.80,11120612,CHEESE - PARMESAN WHEEL APROX 10KG R/W,owenl,67.2,67.2,10,9.72,14/12/2023 11:17
Hayman Island (General & Dangerous,82588,1204713,DOI,11120632,OI* PEARLS - BUSH TOMATO 300G,kane,0,0,1,0,14/12/2023 11:49
"Hayman Island (F&B, General)",82582,1204561,7.07.2.35,11340039,ICE CREAM - DIXI CUP VANILLA PETERS 24/CTN,owenl,0,0,2,0,14/12/2023 12:28
Pool Terraces,,1205003,A.03.3.20,11650036,(5890) YOGHURT - MIXED FLAVOURS 48x100GMS/CTN,Troy,16,21,10,1,14/12/2023 13:37
Ninth Lane Grind,82507,1205031,5.10.2.10,11580214,HAM - MELOSI BONELESS (R/W),kane,150.323,16.172,17.7,9.54,14/12/2023 14:34
Whisper Restaurant,82446,1205067,2.15.3.70,11020119,FRUIT - CHAO GREEN JACKFRUIT 565G,Troy,0,0,10,0,14/12/2023 15:16
Hayman Island (General & Dangerous,82586,1204711,4.10.5.10,11650555,OI**NOODLE - GLASS/CELLOPHANE 500G,kane,0,0,6,0,14/12/2023 17:48
Hayman Island,82599,1205059,C.01.2.60,11040103,OI**CHEESE - LARTISAN FERMIER 1KG APPROX R/W,damir,1.305,1.305,2,1.305,14/12/2023 17:58
MERINDA VILLAGE HOTEL,82564,1205108,FOI,11610067,OI**MAC&CHEESE BALL 6X1KG/CTN,justin,0,0,1,0,14/12/2023 20:33
Bowen Convenience Store,82562,1204978,A.01.1.20,11440313,MILK - DARE DBL ESPRESSO 750MLS (3889),justin,18,18,20,0,14/12/2023 20:51
Bowen Convenience Store,82562,1204978,A.01.1.20,11440315,MILK - DARE ESPRESSO 750MLS (3888),justin,11,11,8,2,14/12/2023 20:52
Bowen Convenience Store,82562,1204978,A.01.1.30,11440335,(7135) MILK - CLASSIC CHOCOLATE 750ML,justin,0,0,4,0,14/12/2023 20:52
Kevla,82563,1205033,5.04.1.10,11440012,BUTTER - UNSALTED 1.5KG (8),justin,0,0,2,0,14/12/2023 20:57
MOMO SUSHI,82561,1204567,4.17.1.80,11550016,(405530) RICE - BLACK STICKY RICE 1KG,justin,0,0,2,0,14/12/2023 21:15
The Dispensary,82508,1204827,2.12.3.70,11170213,TABASCO CHIPOTLE 1.89L (2),davidm,0,0,1,0,14/12/2023 21:30
The Dispensary,82509,1205116,C.01.1.20,11590160,OI**OLIVES - AUSTRALIAN MIXED 10KG,davidm,1,1,1,0,14/12/2023 21:46
Mantra Mackay,82510,1205058,3.12.1.30,11650072,GRANOLA - CRANBERRY & APPLE 1KG (10),justin,-1,-1,1,0,14/12/2023 22:50
Mantra Mackay,82510,1205058,A.03.3.10,11650502,YOGHURT - NATURAL 1KG (6),justin,95,-37,2,0,14/12/2023 22:56
FREEDOM SHORES,82545,1205090,4.13.3.40,11360046,PEPPERCORNS - GREEN 800GMS (12),davidm,1,1,1,0,14/12/2023 23:15
